Supercluster,AbsoluteIdxToSubfolders,Filename,Clustertext
1,182,Z:\#BackupMicData\2017 May-Jun\170622_SM_Gi1-halo-ins4A-ptxs D2wt sulperide\No treat\#01Ch1\Data\analysis_output.mat,Gi1 D2 ins4A No treat
1,183,Z:\#BackupMicData\2017 May-Jun\170622_SM_Gi1-halo-ins4A-ptxs D2wt sulperide\No treat\#02Ch1\Data\analysis_output.mat,Gi1 D2 ins4A No treat
1,184,Z:\#BackupMicData\2017 May-Jun\170622_SM_Gi1-halo-ins4A-ptxs D2wt sulperide\No treat\#03Ch1\Data\analysis_output.mat,Gi1 D2 ins4A No treat
1,185,Z:\#BackupMicData\2017 May-Jun\170622_SM_Gi1-halo-ins4A-ptxs D2wt sulperide\No treat\#03Ch1\Data run 1\analysis_output.mat,Gi1 D2 ins4A No treat
1,186,Z:\#BackupMicData\2017 May-Jun\170622_SM_Gi1-halo-ins4A-ptxs D2wt sulperide\No treat\#04Ch1\Data\analysis_output.mat,Gi1 D2 ins4A No treat
1,187,Z:\#BackupMicData\2017 May-Jun\170622_SM_Gi1-halo-ins4A-ptxs D2wt sulperide\No treat\#05Ch1\Data\analysis_output.mat,Gi1 D2 ins4A No treat
1,188,Z:\#BackupMicData\2017 May-Jun\170622_SM_Gi1-halo-ins4A-ptxs D2wt sulperide\No treat\#06Ch1\Data\analysis_output.mat,Gi1 D2 ins4A No treat
1,189,Z:\#BackupMicData\2017 May-Jun\170622_SM_Gi1-halo-ins4A-ptxs D2wt sulperide\No treat\#07Ch1\Data\analysis_output.mat,Gi1 D2 ins4A No treat
1,190,Z:\#BackupMicData\2017 May-Jun\170622_SM_Gi1-halo-ins4A-ptxs D2wt sulperide\No treat\#08Ch1\Data\analysis_output.mat,Gi1 D2 ins4A No treat
1,191,Z:\#BackupMicData\2017 May-Jun\170622_SM_Gi1-halo-ins4A-ptxs D2wt sulperide\No treat\#09Ch1\Data\analysis_output.mat,Gi1 D2 ins4A No treat
1,192,Z:\#BackupMicData\2017 May-Jun\170622_SM_Gi1-halo-ins4A-ptxs D2wt sulperide\No treat\#10Ch1\Data\analysis_output.mat,Gi1 D2 ins4A No treat
2,169,Z:\#BackupMicData\2017 May-Jun\170622_SM_Gi1-halo-ins4A-ptxs D2wt sulperide\1 uM Sulperide\#01Ch1\Data\analysis_output.mat,Gi1 D2 ins4A Sulpiride
2,170,Z:\#BackupMicData\2017 May-Jun\170622_SM_Gi1-halo-ins4A-ptxs D2wt sulperide\1 uM Sulperide\#02Ch1\Data\analysis_output.mat,Gi1 D2 ins4A Sulpiride
2,171,Z:\#BackupMicData\2017 May-Jun\170622_SM_Gi1-halo-ins4A-ptxs D2wt sulperide\1 uM Sulperide\#03Ch1\Data\analysis_output.mat,Gi1 D2 ins4A Sulpiride
2,172,Z:\#BackupMicData\2017 May-Jun\170622_SM_Gi1-halo-ins4A-ptxs D2wt sulperide\1 uM Sulperide\#04Ch1\Data\analysis_output.mat,Gi1 D2 ins4A Sulpiride
2,173,Z:\#BackupMicData\2017 May-Jun\170622_SM_Gi1-halo-ins4A-ptxs D2wt sulperide\1 uM Sulperide\#05Ch1\Data\analysis_output.mat,Gi1 D2 ins4A Sulpiride
2,174,Z:\#BackupMicData\2017 May-Jun\170622_SM_Gi1-halo-ins4A-ptxs D2wt sulperide\1 uM Sulperide\#06Ch1\Data\analysis_output.mat,Gi1 D2 ins4A Sulpiride
2,175,Z:\#BackupMicData\2017 May-Jun\170622_SM_Gi1-halo-ins4A-ptxs D2wt sulperide\1 uM Sulperide\#07Ch1\Data\analysis_output.mat,Gi1 D2 ins4A Sulpiride
2,176,Z:\#BackupMicData\2017 May-Jun\170622_SM_Gi1-halo-ins4A-ptxs D2wt sulperide\1 uM Sulperide\#08Ch1\Data\analysis_output.mat,Gi1 D2 ins4A Sulpiride
2,177,Z:\#BackupMicData\2017 May-Jun\170622_SM_Gi1-halo-ins4A-ptxs D2wt sulperide\1 uM Sulperide\#09Ch1\Data\analysis_output.mat,Gi1 D2 ins4A Sulpiride
2,178,Z:\#BackupMicData\2017 May-Jun\170622_SM_Gi1-halo-ins4A-ptxs D2wt sulperide\1 uM Sulperide\#10Ch1\Data\analysis_output.mat,Gi1 D2 ins4A Sulpiride
2,179,Z:\#BackupMicData\2017 May-Jun\170622_SM_Gi1-halo-ins4A-ptxs D2wt sulperide\1 uM Sulperide\#10Ch1\ImageData\Data\analysis_output.mat,Gi1 D2 ins4A Sulpiride
2,180,Z:\#BackupMicData\2017 May-Jun\170622_SM_Gi1-halo-ins4A-ptxs D2wt sulperide\1 uM Sulperide\#11Ch1\Data\analysis_output.mat,Gi1 D2 ins4A Sulpiride
2,181,Z:\#BackupMicData\2017 May-Jun\170622_SM_Gi1-halo-ins4A-ptxs D2wt sulperide\1 uM Sulperide\#12Ch1\Data\analysis_output.mat,Gi1 D2 ins4A Sulpiride
3,112,Z:\#BackupMicData\2017 Jan-Apr\170310_SM_alfa-i1-halo D2 wt\alfa-i1-halo 200 ng D2 wt 2400 ng\Quinpirole\Batch1\#01Ch1\Data\analysis_output.mat,Gi1 D2 Quinpirole (2400 ng)
3,113,Z:\#BackupMicData\2017 Jan-Apr\170310_SM_alfa-i1-halo D2 wt\alfa-i1-halo 200 ng D2 wt 2400 ng\Quinpirole\Batch2\#09Ch1\Data\No Nan maxK2\analysis_output.mat,Gi1 D2 Quinpirole (2400 ng)
3,114,Z:\#BackupMicData\2017 Jan-Apr\170310_SM_alfa-i1-halo D2 wt\alfa-i1-halo 200 ng D2 wt 2400 ng\Quinpirole\Batch2\#10Ch1\Data\Second run\analysis_output.mat,Gi1 D2 Quinpirole (2400 ng)
3,115,Z:\#BackupMicData\2017 Jan-Apr\170310_SM_alfa-i1-halo D2 wt\alfa-i1-halo 200 ng D2 wt 2400 ng\Quinpirole\Batch2\#12Ch1\Data\analysis_output.mat,Gi1 D2 Quinpirole (2400 ng)
4,103,Z:\#BackupMicData\2017 Jan-Apr\170310_SM_alfa-i1-halo D2 wt\alfa-i1-halo 200 ng D2 wt 2400 ng\No Treat\Batch1\#01Ch1\Data\analysis_output.mat,Gi1 D2 No treat
4,104,Z:\#BackupMicData\2017 Jan-Apr\170310_SM_alfa-i1-halo D2 wt\alfa-i1-halo 200 ng D2 wt 2400 ng\No Treat\Batch1\#02Ch1\Data\Data\analysis_output.mat,Gi1 D2 No treat
4,105,Z:\#BackupMicData\2017 Jan-Apr\170310_SM_alfa-i1-halo D2 wt\alfa-i1-halo 200 ng D2 wt 2400 ng\No Treat\Batch1\#03Ch1\Data\analysis_output.mat,Gi1 D2 No treat
4,106,Z:\#BackupMicData\2017 Jan-Apr\170310_SM_alfa-i1-halo D2 wt\alfa-i1-halo 200 ng D2 wt 2400 ng\No Treat\Batch1\#04Ch1\Data\analysis_output.mat,Gi1 D2 No treat
4,107,Z:\#BackupMicData\2017 Jan-Apr\170310_SM_alfa-i1-halo D2 wt\alfa-i1-halo 200 ng D2 wt 2400 ng\No Treat\Batch1\#05Ch1\Data\analysis_output.mat,Gi1 D2 No treat
4,108,Z:\#BackupMicData\2017 Jan-Apr\170310_SM_alfa-i1-halo D2 wt\alfa-i1-halo 200 ng D2 wt 2400 ng\No Treat\Batch2\#06Ch1\Data\analysis_output.mat,Gi1 D2 No treat
4,109,Z:\#BackupMicData\2017 Jan-Apr\170310_SM_alfa-i1-halo D2 wt\alfa-i1-halo 200 ng D2 wt 2400 ng\No Treat\Batch2\#07Ch1\Data\analysis_output.mat,Gi1 D2 No treat
4,110,Z:\#BackupMicData\2017 Jan-Apr\170310_SM_alfa-i1-halo D2 wt\alfa-i1-halo 200 ng D2 wt 2400 ng\No Treat\Batch2\#08Ch1\Data\analysis_output.mat,Gi1 D2 No treat
4,111,Z:\#BackupMicData\2017 Jan-Apr\170310_SM_alfa-i1-halo D2 wt\alfa-i1-halo 200 ng D2 wt 2400 ng\No Treat\Batch2\#09Ch1\Data\analysis_output.mat,Gi1 D2 No treat
5,147,Z:\#BackupMicData\2017 May-Jun\170607_SM_D2-ct-halo\15 ms\No treat\#01Ch1\Data\analysis_output.mat,Gi1 D2 No treat
5,148,Z:\#BackupMicData\2017 May-Jun\170607_SM_D2-ct-halo\15 ms\No treat\#06Ch1\Data\analysis_output.mat,Gi1 D2 No treat
6,145,Z:\#BackupMicData\2017 May-Jun\170607_SM_D2-ct-halo\15 ms\10 uM Quinpirole\#01Ch1\Data\analysis_output.mat,Gi1 D2 Quinpirole
6,146,Z:\#BackupMicData\2017 May-Jun\170607_SM_D2-ct-halo\15 ms\10 uM Quinpirole\#06Ch1\Data\analysis_output.mat,Gi1 D2 Quinpirole
7,95,Z:\#BackupMicData\2017 Jan-Apr\170224_SM_alfa-i1-halo-ins4A 1.65 obj\T2 D2wt 1200 ng  alfa-i1-halo-ins4A\No Treat\Batch1\#01Ch1\Data\analysis_output.mat,Gi1 D2 ins4A No treat (1200 ng)
7,96,Z:\#BackupMicData\2017 Jan-Apr\170224_SM_alfa-i1-halo-ins4A 1.65 obj\T2 D2wt 1200 ng  alfa-i1-halo-ins4A\No Treat\Batch1\#02Ch1\Data\analysis_output.mat,Gi1 D2 ins4A No treat (1200 ng)
7,97,Z:\#BackupMicData\2017 Jan-Apr\170224_SM_alfa-i1-halo-ins4A 1.65 obj\T2 D2wt 1200 ng  alfa-i1-halo-ins4A\No Treat\Batch1\#03Ch1\Data\analysis_output.mat,Gi1 D2 ins4A No treat (1200 ng)
7,98,Z:\#BackupMicData\2017 Jan-Apr\170224_SM_alfa-i1-halo-ins4A 1.65 obj\T2 D2wt 1200 ng  alfa-i1-halo-ins4A\No Treat\Batch1\#04Ch1\Data\analysis_output.mat,Gi1 D2 ins4A No treat (1200 ng)
7,99,Z:\#BackupMicData\2017 Jan-Apr\170224_SM_alfa-i1-halo-ins4A 1.65 obj\T2 D2wt 1200 ng  alfa-i1-halo-ins4A\No Treat\Batch2\#05Ch1\Data\analysis_output.mat,Gi1 D2 ins4A No treat (1200 ng)
7,100,Z:\#BackupMicData\2017 Jan-Apr\170224_SM_alfa-i1-halo-ins4A 1.65 obj\T2 D2wt 1200 ng  alfa-i1-halo-ins4A\No Treat\Batch2\#06Ch1\Data\analysis_output.mat,Gi1 D2 ins4A No treat (1200 ng)
7,101,Z:\#BackupMicData\2017 Jan-Apr\170224_SM_alfa-i1-halo-ins4A 1.65 obj\T2 D2wt 1200 ng  alfa-i1-halo-ins4A\No Treat\Batch2\#07Ch1\Data\analysis_output.mat,Gi1 D2 ins4A No treat (1200 ng)
7,102,Z:\#BackupMicData\2017 Jan-Apr\170224_SM_alfa-i1-halo-ins4A 1.65 obj\T2 D2wt 1200 ng  alfa-i1-halo-ins4A\No Treat\Batch2\#08Ch1\Data\analysis_output.mat,Gi1 D2 ins4A No treat (1200 ng)
8,68,Z:\#BackupMicData\2017 Jan-Apr\170224_SM_alfa-i1-halo-ins4A 1.65 obj\T1 D2wt 300 ng and alfa-i1-halo-ins4A\10 uM Qunipirole\Batch1\#01Ch1\Data\analysis_output.mat,Gi1 D2 ins4A Quinpirole (300 ng)
8,69,Z:\#BackupMicData\2017 Jan-Apr\170224_SM_alfa-i1-halo-ins4A 1.65 obj\T1 D2wt 300 ng and alfa-i1-halo-ins4A\10 uM Qunipirole\Batch1\#02Ch1\Data\analysis_output.mat,Gi1 D2 ins4A Quinpirole (300 ng)
8,70,Z:\#BackupMicData\2017 Jan-Apr\170224_SM_alfa-i1-halo-ins4A 1.65 obj\T1 D2wt 300 ng and alfa-i1-halo-ins4A\10 uM Qunipirole\Batch1\#03Ch1\Data\analysis_output.mat,Gi1 D2 ins4A Quinpirole (300 ng)
8,71,Z:\#BackupMicData\2017 Jan-Apr\170224_SM_alfa-i1-halo-ins4A 1.65 obj\T1 D2wt 300 ng and alfa-i1-halo-ins4A\10 uM Qunipirole\Batch1\#04Ch1\Data\analysis_output.mat,Gi1 D2 ins4A Quinpirole (300 ng)
8,72,Z:\#BackupMicData\2017 Jan-Apr\170224_SM_alfa-i1-halo-ins4A 1.65 obj\T1 D2wt 300 ng and alfa-i1-halo-ins4A\10 uM Qunipirole\Batch2\#05Ch1\Data\analysis_output.mat,Gi1 D2 ins4A Quinpirole (300 ng)
8,73,Z:\#BackupMicData\2017 Jan-Apr\170224_SM_alfa-i1-halo-ins4A 1.65 obj\T1 D2wt 300 ng and alfa-i1-halo-ins4A\10 uM Qunipirole\Batch2\#06Ch1\Data\analysis_output.mat,Gi1 D2 ins4A Quinpirole (300 ng)
8,74,Z:\#BackupMicData\2017 Jan-Apr\170224_SM_alfa-i1-halo-ins4A 1.65 obj\T1 D2wt 300 ng and alfa-i1-halo-ins4A\10 uM Qunipirole\Batch2\#07Ch1\Data\analysis_output.mat,Gi1 D2 ins4A Quinpirole (300 ng)
8,75,Z:\#BackupMicData\2017 Jan-Apr\170224_SM_alfa-i1-halo-ins4A 1.65 obj\T1 D2wt 300 ng and alfa-i1-halo-ins4A\10 uM Qunipirole\Batch2\#08Ch1\Data\analysis_output.mat,Gi1 D2 ins4A Quinpirole (300 ng)
9,94,Z:\#BackupMicData\2017 Jan-Apr\170224_SM_alfa-i1-halo-ins4A 1.65 obj\T2 D2wt 1200 ng  alfa-i1-halo-ins4A\Evaluating HMMbayes\1200 ng D2\#06Ch1\Test run\Data\analysis_output.mat,Gi1 D2 ins4A No treat (1200 ng)
10,76,Z:\#BackupMicData\2017 Jan-Apr\170224_SM_alfa-i1-halo-ins4A 1.65 obj\T1 D2wt 300 ng and alfa-i1-halo-ins4A\No Treat\Batch1\#01Ch1\Data\analysis_output.mat,Gi1 D2 ins4A No treat (300 ng)
10,77,Z:\#BackupMicData\2017 Jan-Apr\170224_SM_alfa-i1-halo-ins4A 1.65 obj\T1 D2wt 300 ng and alfa-i1-halo-ins4A\No Treat\Batch1\#02Ch1\Data\analysis_output.mat,Gi1 D2 ins4A No treat (300 ng)
10,78,Z:\#BackupMicData\2017 Jan-Apr\170224_SM_alfa-i1-halo-ins4A 1.65 obj\T1 D2wt 300 ng and alfa-i1-halo-ins4A\No Treat\Batch1\#03Ch1\Data\analysis_output.mat,Gi1 D2 ins4A No treat (300 ng)
10,79,Z:\#BackupMicData\2017 Jan-Apr\170224_SM_alfa-i1-halo-ins4A 1.65 obj\T1 D2wt 300 ng and alfa-i1-halo-ins4A\No Treat\Batch1\#04Ch1\Data\analysis_output.mat,Gi1 D2 ins4A No treat (300 ng)
10,80,Z:\#BackupMicData\2017 Jan-Apr\170224_SM_alfa-i1-halo-ins4A 1.65 obj\T1 D2wt 300 ng and alfa-i1-halo-ins4A\No Treat\Batch2\#05Ch1\Data\analysis_output.mat,Gi1 D2 ins4A No treat (300 ng)
10,81,Z:\#BackupMicData\2017 Jan-Apr\170224_SM_alfa-i1-halo-ins4A 1.65 obj\T1 D2wt 300 ng and alfa-i1-halo-ins4A\No Treat\Batch2\#06Ch1\Data\analysis_output.mat,Gi1 D2 ins4A No treat (300 ng)
10,82,Z:\#BackupMicData\2017 Jan-Apr\170224_SM_alfa-i1-halo-ins4A 1.65 obj\T1 D2wt 300 ng and alfa-i1-halo-ins4A\No Treat\Batch2\#07Ch1\Data\analysis_output.mat,Gi1 D2 ins4A No treat (300 ng)
11,83,Z:\#BackupMicData\2017 Jan-Apr\170224_SM_alfa-i1-halo-ins4A 1.65 obj\T2 D2wt 1200 ng  alfa-i1-halo-ins4A\10 uM Qunipirole\Batch1\#01Ch1\Data\analysis_output.mat,Gi1 D2 ins4A Quinpirole (1200 ng)
11,84,Z:\#BackupMicData\2017 Jan-Apr\170224_SM_alfa-i1-halo-ins4A 1.65 obj\T2 D2wt 1200 ng  alfa-i1-halo-ins4A\10 uM Qunipirole\Batch1\#02Ch1\Data\analysis_output.mat,Gi1 D2 ins4A Quinpirole (1200 ng)
11,85,Z:\#BackupMicData\2017 Jan-Apr\170224_SM_alfa-i1-halo-ins4A 1.65 obj\T2 D2wt 1200 ng  alfa-i1-halo-ins4A\10 uM Qunipirole\Batch1\#03Ch1\Data\analysis_output.mat,Gi1 D2 ins4A Quinpirole (1200 ng)
11,86,Z:\#BackupMicData\2017 Jan-Apr\170224_SM_alfa-i1-halo-ins4A 1.65 obj\T2 D2wt 1200 ng  alfa-i1-halo-ins4A\10 uM Qunipirole\Batch1\#04Ch1\Data\analysis_output.mat,Gi1 D2 ins4A Quinpirole (1200 ng)
11,87,Z:\#BackupMicData\2017 Jan-Apr\170224_SM_alfa-i1-halo-ins4A 1.65 obj\T2 D2wt 1200 ng  alfa-i1-halo-ins4A\10 uM Qunipirole\Batch1\#04Ch1\Data\No NaN MaxK2\analysis_output.mat,Gi1 D2 ins4A Quinpirole (1200 ng)
11,88,Z:\#BackupMicData\2017 Jan-Apr\170224_SM_alfa-i1-halo-ins4A 1.65 obj\T2 D2wt 1200 ng  alfa-i1-halo-ins4A\10 uM Qunipirole\Batch1\#05Ch1\Data\analysis_output.mat,Gi1 D2 ins4A Quinpirole (1200 ng)
11,89,Z:\#BackupMicData\2017 Jan-Apr\170224_SM_alfa-i1-halo-ins4A 1.65 obj\T2 D2wt 1200 ng  alfa-i1-halo-ins4A\10 uM Qunipirole\Batch2\#06Ch1\Data\analysis_output.mat,Gi1 D2 ins4A Quinpirole (1200 ng)
11,90,Z:\#BackupMicData\2017 Jan-Apr\170224_SM_alfa-i1-halo-ins4A 1.65 obj\T2 D2wt 1200 ng  alfa-i1-halo-ins4A\10 uM Qunipirole\Batch2\#07Ch1\Data\analysis_output.mat,Gi1 D2 ins4A Quinpirole (1200 ng)
11,91,Z:\#BackupMicData\2017 Jan-Apr\170224_SM_alfa-i1-halo-ins4A 1.65 obj\T2 D2wt 1200 ng  alfa-i1-halo-ins4A\10 uM Qunipirole\Batch2\#08Ch1\Data\analysis_output.mat,Gi1 D2 ins4A Quinpirole (1200 ng)
11,92,Z:\#BackupMicData\2017 Jan-Apr\170224_SM_alfa-i1-halo-ins4A 1.65 obj\T2 D2wt 1200 ng  alfa-i1-halo-ins4A\10 uM Qunipirole\Batch2\#09Ch1\Data\analysis_output.mat,Gi1 D2 ins4A Quinpirole (1200 ng)
12,9,Z:\#BackupMicData\2016 Jul-Oct\160710_SM_alfa and D2wt diffusion\alfa-Halo JF-Halo-646 d2wt\10 uM Quinpirole\#03Ch1\Data\analysis_output.mat,Gi1 D2 Quinpirole
13,1,Z:\#BackupMicData\2016 Jul-Oct\160709_SM_alfa diffusion\alfa-Halo JF-Halo-646 10 uM Lacrotruncin B\#01Ch1\Data\analysis_output.mat,Gi1 Lacrotruncin
13,2,Z:\#BackupMicData\2016 Jul-Oct\160709_SM_alfa diffusion\alfa-Halo JF-Halo-646 10 uM Lacrotruncin B\#02Ch1\Data\analysis_output.mat,Gi1 Lacrotruncin
13,3,Z:\#BackupMicData\2016 Jul-Oct\160709_SM_alfa diffusion\alfa-Halo JF-Halo-646 10 uM Lacrotruncin B\#03Ch1\Data\analysis_output.mat,Gi1 Lacrotruncin
13,4,Z:\#BackupMicData\2016 Jul-Oct\160709_SM_alfa diffusion\alfa-Halo JF-Halo-646 10 uM Lacrotruncin B\#04Ch1\Data\analysis_output.mat,Gi1 Lacrotruncin
13,5,Z:\#BackupMicData\2016 Jul-Oct\160709_SM_alfa diffusion\alfa-Halo JF-Halo-646 10 uM Lacrotruncin B\#05Ch1\Data\analysis_output.mat,Gi1 Lacrotruncin
13,6,Z:\#BackupMicData\2016 Jul-Oct\160709_SM_alfa diffusion\alfa-Halo JF-Halo-646 10 uM Lacrotruncin B\#06Ch1\Data\analysis_output.mat,Gi1 Lacrotruncin
13,7,Z:\#BackupMicData\2016 Jul-Oct\160709_SM_alfa diffusion\alfa-Halo JF-Halo-646 10 uM Lacrotruncin B\#07Ch1\Data\analysis_output.mat,Gi1 Lacrotruncin
13,8,Z:\#BackupMicData\2016 Jul-Oct\160709_SM_alfa diffusion\alfa-Halo JF-Halo-646 10 uM Lacrotruncin B\#08Ch1\Data\analysis_output.mat,Gi1 Lacrotruncin
14,19,Z:\#BackupMicData\2016 Jul-Oct\160824_SM Gs JF-646 0.5 nM cyclodextrin\no treatment\#01Ch1\Data\analysis_output.mat,Gs No treat
14,20,Z:\#BackupMicData\2016 Jul-Oct\160824_SM Gs JF-646 0.5 nM cyclodextrin\no treatment\#02Ch1\Data\analysis_output.mat,Gs No treat
14,21,Z:\#BackupMicData\2016 Jul-Oct\160824_SM Gs JF-646 0.5 nM cyclodextrin\no treatment\#03Ch1\Data\analysis_output.mat,Gs No treat
14,22,Z:\#BackupMicData\2016 Jul-Oct\160824_SM Gs JF-646 0.5 nM cyclodextrin\no treatment\#04Ch1\Data\analysis_output.mat,Gs No treat
14,23,Z:\#BackupMicData\2016 Jul-Oct\160824_SM Gs JF-646 0.5 nM cyclodextrin\no treatment\#05Ch1\Data\analysis_output.mat,Gs No treat
14,24,Z:\#BackupMicData\2016 Jul-Oct\160824_SM Gs JF-646 0.5 nM cyclodextrin\no treatment\#06Ch1\Data\analysis_output.mat,Gs No treat
14,25,Z:\#BackupMicData\2016 Jul-Oct\160824_SM Gs JF-646 0.5 nM cyclodextrin\no treatment\#07Ch1\Data\analysis_output.mat,Gs No treat
15,10,Z:\#BackupMicData\2016 Jul-Oct\160824_SM Gs JF-646 0.5 nM cyclodextrin\10 mM beta cyclodextrin\#01Ch1\Data\analysis_output.mat,Gs Cyclodextrin 10 mM
15,11,Z:\#BackupMicData\2016 Jul-Oct\160824_SM Gs JF-646 0.5 nM cyclodextrin\10 mM beta cyclodextrin\#02Ch1\Data\analysis_output.mat,Gs Cyclodextrin 10 mM
15,12,Z:\#BackupMicData\2016 Jul-Oct\160824_SM Gs JF-646 0.5 nM cyclodextrin\10 mM beta cyclodextrin\#03Ch1\Data\analysis_output.mat,Gs Cyclodextrin 10 mM
15,13,Z:\#BackupMicData\2016 Jul-Oct\160824_SM Gs JF-646 0.5 nM cyclodextrin\10 mM beta cyclodextrin\#04Ch1\Data\analysis_output.mat,Gs Cyclodextrin 10 mM
15,14,Z:\#BackupMicData\2016 Jul-Oct\160824_SM Gs JF-646 0.5 nM cyclodextrin\10 mM beta cyclodextrin\#05Ch1\Data\analysis_output.mat,Gs Cyclodextrin 10 mM
15,15,Z:\#BackupMicData\2016 Jul-Oct\160824_SM Gs JF-646 0.5 nM cyclodextrin\10 mM beta cyclodextrin\#06Ch1\Data\analysis_output.mat,Gs Cyclodextrin 10 mM
15,16,Z:\#BackupMicData\2016 Jul-Oct\160824_SM Gs JF-646 0.5 nM cyclodextrin\10 mM beta cyclodextrin\#07Ch1\Data\analysis_output.mat,Gs Cyclodextrin 10 mM
15,17,Z:\#BackupMicData\2016 Jul-Oct\160824_SM Gs JF-646 0.5 nM cyclodextrin\10 mM beta cyclodextrin\#08Ch1\Data\analysis_output.mat,Gs Cyclodextrin 10 mM
15,18,Z:\#BackupMicData\2016 Jul-Oct\160824_SM Gs JF-646 0.5 nM cyclodextrin\10 mM beta cyclodextrin\#09Ch1\Data\analysis_output.mat,Gs Cyclodextrin 10 mM
16,48,NO\Empty\#,gamma2 Gi1 No treat
16,49,NO\Empty\#,gamma2 Gi1 No treat
16,50,NO\Empty\#,gamma2 Gi1 No treat
16,93,NO\Empty\#,gamma2 Gi1 No treat
16,144,NO\Empty\#,gamma2 Gi1 No treat
17,160,Z:\#BackupMicData\2017 May-Jun\170613_SM_Gi1-ins4A-halo-ptxs D2 wt\Gi1-ins4A-halo-ptxs D2 wt 100 ng\No treat\#01Ch1\Data\analysis_output.mat,Gi1 D2 ins4A No treat (100 ng)
17,161,Z:\#BackupMicData\2017 May-Jun\170613_SM_Gi1-ins4A-halo-ptxs D2 wt\Gi1-ins4A-halo-ptxs D2 wt 100 ng\No treat\#02Ch1\Data\analysis_output.mat,Gi1 D2 ins4A No treat (100 ng)
17,162,Z:\#BackupMicData\2017 May-Jun\170613_SM_Gi1-ins4A-halo-ptxs D2 wt\Gi1-ins4A-halo-ptxs D2 wt 100 ng\No treat\#03Ch1\Data\analysis_output.mat,Gi1 D2 ins4A No treat (100 ng)
17,163,Z:\#BackupMicData\2017 May-Jun\170613_SM_Gi1-ins4A-halo-ptxs D2 wt\Gi1-ins4A-halo-ptxs D2 wt 100 ng\No treat\#04Ch1\Data\analysis_output.mat,Gi1 D2 ins4A No treat (100 ng)
17,164,Z:\#BackupMicData\2017 May-Jun\170613_SM_Gi1-ins4A-halo-ptxs D2 wt\Gi1-ins4A-halo-ptxs D2 wt 100 ng\No treat\#05Ch1\Data\analysis_output.mat,Gi1 D2 ins4A No treat (100 ng)
17,165,Z:\#BackupMicData\2017 May-Jun\170613_SM_Gi1-ins4A-halo-ptxs D2 wt\Gi1-ins4A-halo-ptxs D2 wt 100 ng\No treat\#06Ch1\Data\analysis_output.mat,Gi1 D2 ins4A No treat (100 ng)
17,166,Z:\#BackupMicData\2017 May-Jun\170613_SM_Gi1-ins4A-halo-ptxs D2 wt\Gi1-ins4A-halo-ptxs D2 wt 100 ng\No treat\#07Ch1\Data\analysis_output.mat,Gi1 D2 ins4A No treat (100 ng)
17,167,Z:\#BackupMicData\2017 May-Jun\170613_SM_Gi1-ins4A-halo-ptxs D2 wt\Gi1-ins4A-halo-ptxs D2 wt 100 ng\No treat\#08Ch1\Data\analysis_output.mat,Gi1 D2 ins4A No treat (100 ng)
17,168,Z:\#BackupMicData\2017 May-Jun\170613_SM_Gi1-ins4A-halo-ptxs D2 wt\Gi1-ins4A-halo-ptxs D2 wt 100 ng\No treat\#09Ch1\Data\analysis_output.mat,Gi1 D2 ins4A No treat (100 ng)
18,159,Z:\#BackupMicData\2017 May-Jun\170613_SM_Gi1-ins4A-halo-ptxs D2 wt\Gi1-ins4A-halo-ptxs D2 wt 100 ng\Code for extracting brownian diffusion\#01Ch1\Test run HMMbayes all data\Data\analysis_output.mat,Gi1 D2 ins4A (100 ng)
19,149,Z:\#BackupMicData\2017 May-Jun\170613_SM_Gi1-ins4A-halo-ptxs D2 wt\Gi1-ins4A-halo-ptxs D2 wt 100 ng\10 uM Quinpirole\#01Ch1\Data\analysis_output.mat,Gi1 D2 ins4A Quinpirole (100 ng)
19,150,Z:\#BackupMicData\2017 May-Jun\170613_SM_Gi1-ins4A-halo-ptxs D2 wt\Gi1-ins4A-halo-ptxs D2 wt 100 ng\10 uM Quinpirole\#02Ch1\Data\analysis_output.mat,Gi1 D2 ins4A Quinpirole (100 ng)
19,151,Z:\#BackupMicData\2017 May-Jun\170613_SM_Gi1-ins4A-halo-ptxs D2 wt\Gi1-ins4A-halo-ptxs D2 wt 100 ng\10 uM Quinpirole\#03Ch1\Data\analysis_output.mat,Gi1 D2 ins4A Quinpirole (100 ng)
19,152,Z:\#BackupMicData\2017 May-Jun\170613_SM_Gi1-ins4A-halo-ptxs D2 wt\Gi1-ins4A-halo-ptxs D2 wt 100 ng\10 uM Quinpirole\#04Ch1\Data\analysis_output.mat,Gi1 D2 ins4A Quinpirole (100 ng)
19,153,Z:\#BackupMicData\2017 May-Jun\170613_SM_Gi1-ins4A-halo-ptxs D2 wt\Gi1-ins4A-halo-ptxs D2 wt 100 ng\10 uM Quinpirole\#05Ch1\Data\analysis_output.mat,Gi1 D2 ins4A Quinpirole (100 ng)
19,154,Z:\#BackupMicData\2017 May-Jun\170613_SM_Gi1-ins4A-halo-ptxs D2 wt\Gi1-ins4A-halo-ptxs D2 wt 100 ng\10 uM Quinpirole\#06Ch1\Data\analysis_output.mat,Gi1 D2 ins4A Quinpirole (100 ng)
19,155,Z:\#BackupMicData\2017 May-Jun\170613_SM_Gi1-ins4A-halo-ptxs D2 wt\Gi1-ins4A-halo-ptxs D2 wt 100 ng\10 uM Quinpirole\#07Ch1\Data\analysis_output.mat,Gi1 D2 ins4A Quinpirole (100 ng)
19,156,Z:\#BackupMicData\2017 May-Jun\170613_SM_Gi1-ins4A-halo-ptxs D2 wt\Gi1-ins4A-halo-ptxs D2 wt 100 ng\10 uM Quinpirole\#08Ch1\Data\analysis_output.mat,Gi1 D2 ins4A Quinpirole (100 ng)
19,157,Z:\#BackupMicData\2017 May-Jun\170613_SM_Gi1-ins4A-halo-ptxs D2 wt\Gi1-ins4A-halo-ptxs D2 wt 100 ng\10 uM Quinpirole\#09Ch1\Data\analysis_output.mat,Gi1 D2 ins4A Quinpirole (100 ng)
19,158,Z:\#BackupMicData\2017 May-Jun\170613_SM_Gi1-ins4A-halo-ptxs D2 wt\Gi1-ins4A-halo-ptxs D2 wt 100 ng\10 uM Quinpirole\#10Ch1\Data\analysis_output.mat,Gi1 D2 ins4A Quinpirole (100 ng)
20,66,Z:\#BackupMicData\2017 Jan-Apr\170222_SM_alfa PTXR and PTXS incl. ptx 1.65 obj\alfai1-halo PTXR D2 wt T1\No treat\TrackingTestGabClosing\NoGabClosing\#02Ch1\Data\analysis_output.mat,Gi1 D2 PTXR No treat
20,67,Z:\#BackupMicData\2017 Jan-Apr\170222_SM_alfa PTXR and PTXS incl. ptx 1.65 obj\alfai1-halo PTXR D2 wt T1\No treat\TrackingTestGabClosing\NoGabClosing\#05Ch1\Data\analysis_output.mat,Gi1 D2 PTXR No treat
21,51,Z:\#BackupMicData\2017 Jan-Apr\170222_SM_alfa PTXR and PTXS incl. ptx 1.65 obj\alfai1-halo PTXR D2 wt T1\10 uM Quinpirole\#02Ch1\Data\analysis_output.mat,Gi1 D2 PTXR Quinpirole
21,52,Z:\#BackupMicData\2017 Jan-Apr\170222_SM_alfa PTXR and PTXS incl. ptx 1.65 obj\alfai1-halo PTXR D2 wt T1\10 uM Quinpirole\#05Ch1\Data\analysis_output.mat,Gi1 D2 PTXR Quinpirole
22,53,Z:\#BackupMicData\2017 Jan-Apr\170222_SM_alfa PTXR and PTXS incl. ptx 1.65 obj\alfai1-halo PTXR D2 wt T1\No treat\#05Ch1\Data\analysis_output.mat,Gi1 D2 PTXR No treat
22,54,Z:\#BackupMicData\2017 Jan-Apr\170222_SM_alfa PTXR and PTXS incl. ptx 1.65 obj\alfai1-halo PTXR D2 wt T1\No treat\#08Ch1\Data\analysis_output.mat,Gi1 D2 PTXR No treat
23,55,Z:\#BackupMicData\2017 Jan-Apr\170222_SM_alfa PTXR and PTXS incl. ptx 1.65 obj\alfai1-halo PTXR D2 wt T1\No treat\New tracking constants\#01Ch1\Data\analysis_output.mat,Gi1 D2 PTXR No treat
23,56,Z:\#BackupMicData\2017 Jan-Apr\170222_SM_alfa PTXR and PTXS incl. ptx 1.65 obj\alfai1-halo PTXR D2 wt T1\No treat\New tracking constants\#02Ch1\Data\analysis_output.mat,Gi1 D2 PTXR No treat
23,57,Z:\#BackupMicData\2017 Jan-Apr\170222_SM_alfa PTXR and PTXS incl. ptx 1.65 obj\alfai1-halo PTXR D2 wt T1\No treat\New tracking constants\#03Ch1\Data\analysis_output.mat,Gi1 D2 PTXR No treat
23,58,Z:\#BackupMicData\2017 Jan-Apr\170222_SM_alfa PTXR and PTXS incl. ptx 1.65 obj\alfai1-halo PTXR D2 wt T1\No treat\New tracking constants\#04Ch1\Data\analysis_output.mat,Gi1 D2 PTXR No treat
23,59,Z:\#BackupMicData\2017 Jan-Apr\170222_SM_alfa PTXR and PTXS incl. ptx 1.65 obj\alfai1-halo PTXR D2 wt T1\No treat\New tracking constants\#05Ch1\Data\analysis_output.mat,Gi1 D2 PTXR No treat
23,60,Z:\#BackupMicData\2017 Jan-Apr\170222_SM_alfa PTXR and PTXS incl. ptx 1.65 obj\alfai1-halo PTXR D2 wt T1\No treat\New tracking constants\#06Ch1\Data\analysis_output.mat,Gi1 D2 PTXR No treat
23,61,Z:\#BackupMicData\2017 Jan-Apr\170222_SM_alfa PTXR and PTXS incl. ptx 1.65 obj\alfai1-halo PTXR D2 wt T1\No treat\New tracking constants\#07Ch1\Data\analysis_output.mat,Gi1 D2 PTXR No treat
23,62,Z:\#BackupMicData\2017 Jan-Apr\170222_SM_alfa PTXR and PTXS incl. ptx 1.65 obj\alfai1-halo PTXR D2 wt T1\No treat\New tracking constants\#08Ch1\Data\analysis_output.mat,Gi1 D2 PTXR No treat
23,63,Z:\#BackupMicData\2017 Jan-Apr\170222_SM_alfa PTXR and PTXS incl. ptx 1.65 obj\alfai1-halo PTXR D2 wt T1\No treat\New tracking constants\#09Ch1\Data\analysis_output.mat,Gi1 D2 PTXR No treat
23,64,Z:\#BackupMicData\2017 Jan-Apr\170222_SM_alfa PTXR and PTXS incl. ptx 1.65 obj\alfai1-halo PTXR D2 wt T1\No treat\New tracking constants\#10Ch1\Data\analysis_output.mat,Gi1 D2 PTXR No treat
23,65,Z:\#BackupMicData\2017 Jan-Apr\170222_SM_alfa PTXR and PTXS incl. ptx 1.65 obj\alfai1-halo PTXR D2 wt T1\No treat\New tracking constants\#11Ch1\Data\analysis_output.mat,Gi1 D2 PTXR No treat
24,26,Z:\#BackupMicData\2016 Jul-Oct\160902_SM_alfai1-Halo and gamma2-halo Q controls\Data treat\alfai1-Halo JF646 0.5 nM\10 uM Quinpirole\#01Ch1\Data\analysis_output.mat,Gi1 Quinpirole
24,27,Z:\#BackupMicData\2016 Jul-Oct\160902_SM_alfai1-Halo and gamma2-halo Q controls\Data treat\alfai1-Halo JF646 0.5 nM\10 uM Quinpirole\#02Ch1\Data\analysis_output.mat,Gi1 Quinpirole
24,28,Z:\#BackupMicData\2016 Jul-Oct\160902_SM_alfai1-Halo and gamma2-halo Q controls\Data treat\alfai1-Halo JF646 0.5 nM\10 uM Quinpirole\#04Ch1\Data\analysis_output.mat,Gi1 Quinpirole
24,29,Z:\#BackupMicData\2016 Jul-Oct\160902_SM_alfai1-Halo and gamma2-halo Q controls\Data treat\alfai1-Halo JF646 0.5 nM\10 uM Quinpirole\#05Ch1\Data\analysis_output.mat,Gi1 Quinpirole
24,30,Z:\#BackupMicData\2016 Jul-Oct\160902_SM_alfai1-Halo and gamma2-halo Q controls\Data treat\alfai1-Halo JF646 0.5 nM\10 uM Quinpirole\#06Ch1\Data\analysis_output.mat,Gi1 Quinpirole
24,31,Z:\#BackupMicData\2016 Jul-Oct\160902_SM_alfai1-Halo and gamma2-halo Q controls\Data treat\alfai1-Halo JF646 0.5 nM\10 uM Quinpirole\#07Ch1\Data\analysis_output.mat,Gi1 Quinpirole
24,32,Z:\#BackupMicData\2016 Jul-Oct\160902_SM_alfai1-Halo and gamma2-halo Q controls\Data treat\alfai1-Halo JF646 0.5 nM\10 uM Quinpirole\#09Ch1\Data\analysis_output.mat,Gi1 Quinpirole
24,33,Z:\#BackupMicData\2016 Jul-Oct\160902_SM_alfai1-Halo and gamma2-halo Q controls\Data treat\alfai1-Halo JF646 0.5 nM\10 uM Quinpirole\#12Ch1\Data\analysis_output.mat,Gi1 Quinpirole
26,37,Z:\#BackupMicData\2016 Jul-Oct\160902_SM_alfai1-Halo and gamma2-halo Q controls\Data treat\alfai1-Halo JF646 0.5 nM\no treat\New tracking constants\#01Ch1\Data\analysis_output.mat,Gi1 No treat
26,38,Z:\#BackupMicData\2016 Jul-Oct\160902_SM_alfai1-Halo and gamma2-halo Q controls\Data treat\alfai1-Halo JF646 0.5 nM\no treat\New tracking constants\#03Ch1\Data\analysis_output.mat,Gi1 No treat
26,39,Z:\#BackupMicData\2016 Jul-Oct\160902_SM_alfai1-Halo and gamma2-halo Q controls\Data treat\alfai1-Halo JF646 0.5 nM\no treat\New tracking constants\#04Ch1\Data\analysis_output.mat,Gi1 No treat
26,40,Z:\#BackupMicData\2016 Jul-Oct\160902_SM_alfai1-Halo and gamma2-halo Q controls\Data treat\alfai1-Halo JF646 0.5 nM\no treat\New tracking constants\#05Ch1\Data\analysis_output.mat,Gi1 No treat
26,41,Z:\#BackupMicData\2016 Jul-Oct\160902_SM_alfai1-Halo and gamma2-halo Q controls\Data treat\alfai1-Halo JF646 0.5 nM\no treat\New tracking constants\#06Ch1\Data\analysis_output.mat,Gi1 No treat
26,42,Z:\#BackupMicData\2016 Jul-Oct\160902_SM_alfai1-Halo and gamma2-halo Q controls\Data treat\alfai1-Halo JF646 0.5 nM\no treat\New tracking constants\#07Ch1\Data\analysis_output.mat,Gi1 No treat
26,43,Z:\#BackupMicData\2016 Jul-Oct\160902_SM_alfai1-Halo and gamma2-halo Q controls\Data treat\alfai1-Halo JF646 0.5 nM\no treat\New tracking constants\#08Ch1\Data\analysis_output.mat,Gi1 No treat
27,135,Z:\#BackupMicData\2017 Jan-Apr\170317_SM_myrHalo JF-646\Myr-halo C4 200 ng JF-646 0.5 nM\No Treat\batch 1\#02Ch1\Data\analysis_output.mat,Myr No treat
27,136,Z:\#BackupMicData\2017 Jan-Apr\170317_SM_myrHalo JF-646\Myr-halo C4 200 ng JF-646 0.5 nM\No Treat\batch 1\#03Ch1\Data\analysis_output.mat,Myr No treat
27,137,Z:\#BackupMicData\2017 Jan-Apr\170317_SM_myrHalo JF-646\Myr-halo C4 200 ng JF-646 0.5 nM\No Treat\batch 1\#04Ch1\Data\analysis_output.mat,Myr No treat
27,138,Z:\#BackupMicData\2017 Jan-Apr\170317_SM_myrHalo JF-646\Myr-halo C4 200 ng JF-646 0.5 nM\No Treat\batch 1\#05Ch1\Data\analysis_output.mat,Myr No treat
27,139,Z:\#BackupMicData\2017 Jan-Apr\170317_SM_myrHalo JF-646\Myr-halo C4 200 ng JF-646 0.5 nM\No Treat\batch 1\#06Ch1\Data\analysis_output.mat,Myr No treat
27,140,Z:\#BackupMicData\2017 Jan-Apr\170317_SM_myrHalo JF-646\Myr-halo C4 200 ng JF-646 0.5 nM\No Treat\batch 2\#07Ch1\Data\analysis_output.mat,Myr No treat
27,141,Z:\#BackupMicData\2017 Jan-Apr\170317_SM_myrHalo JF-646\Myr-halo C4 200 ng JF-646 0.5 nM\No Treat\batch 2\#08Ch1\Data\analysis_output.mat,Myr No treat
27,142,Z:\#BackupMicData\2017 Jan-Apr\170317_SM_myrHalo JF-646\Myr-halo C4 200 ng JF-646 0.5 nM\No Treat\batch 2\#09Ch1\Data\analysis_output.mat,Myr No treat
27,143,Z:\#BackupMicData\2017 Jan-Apr\170317_SM_myrHalo JF-646\Myr-halo C4 200 ng JF-646 0.5 nM\No Treat\batch 2\#10Ch1\Data\analysis_output.mat,Myr No treat
28,116,Z:\#BackupMicData\2017 Jan-Apr\170317_SM_myrHalo JF-646\Myr-halo C4 200 ng JF-646 0.5 nM\10 uM Quinpirole\Batch 1\#01Ch1\Data\analysis_output.mat,Myr Quinpirole
28,117,Z:\#BackupMicData\2017 Jan-Apr\170317_SM_myrHalo JF-646\Myr-halo C4 200 ng JF-646 0.5 nM\10 uM Quinpirole\Batch 1\#02Ch1\Data\analysis_output.mat,Myr Quinpirole
28,118,Z:\#BackupMicData\2017 Jan-Apr\170317_SM_myrHalo JF-646\Myr-halo C4 200 ng JF-646 0.5 nM\10 uM Quinpirole\Batch 1\#03Ch1\Data\analysis_output.mat,Myr Quinpirole
28,119,Z:\#BackupMicData\2017 Jan-Apr\170317_SM_myrHalo JF-646\Myr-halo C4 200 ng JF-646 0.5 nM\10 uM Quinpirole\Batch 1\#04Ch1\Data\analysis_output.mat,Myr Quinpirole
28,120,Z:\#BackupMicData\2017 Jan-Apr\170317_SM_myrHalo JF-646\Myr-halo C4 200 ng JF-646 0.5 nM\10 uM Quinpirole\Batch 1\#05Ch1\Data\analysis_output.mat,Myr Quinpirole
28,121,Z:\#BackupMicData\2017 Jan-Apr\170317_SM_myrHalo JF-646\Myr-halo C4 200 ng JF-646 0.5 nM\10 uM Quinpirole\Batch 2\#06Ch1\Data\analysis_output.mat,Myr Quinpirole
28,122,Z:\#BackupMicData\2017 Jan-Apr\170317_SM_myrHalo JF-646\Myr-halo C4 200 ng JF-646 0.5 nM\10 uM Quinpirole\Batch 2\#07Ch1\Data\analysis_output.mat,Myr Quinpirole
28,123,Z:\#BackupMicData\2017 Jan-Apr\170317_SM_myrHalo JF-646\Myr-halo C4 200 ng JF-646 0.5 nM\10 uM Quinpirole\Batch 2\#08Ch1\Data\analysis_output.mat,Myr Quinpirole
28,124,Z:\#BackupMicData\2017 Jan-Apr\170317_SM_myrHalo JF-646\Myr-halo C4 200 ng JF-646 0.5 nM\10 uM Quinpirole\Batch 2\#09Ch1\Data\analysis_output.mat,Myr Quinpirole
28,125,Z:\#BackupMicData\2017 Jan-Apr\170317_SM_myrHalo JF-646\Myr-halo C4 200 ng JF-646 0.5 nM\10 uM Quinpirole\Batch 2\#11Ch1\Data\analysis_output.mat,Myr Quinpirole
29,126,Z:\#BackupMicData\2017 Jan-Apr\170317_SM_myrHalo JF-646\Myr-halo C4 200 ng JF-646 0.5 nM\Amazon\No treat\#02Ch1\analysis_output.mat,Myr No treat
29,127,Z:\#BackupMicData\2017 Jan-Apr\170317_SM_myrHalo JF-646\Myr-halo C4 200 ng JF-646 0.5 nM\Amazon\No treat\#03Ch1\analysis_output.mat,Myr No treat
29,128,Z:\#BackupMicData\2017 Jan-Apr\170317_SM_myrHalo JF-646\Myr-halo C4 200 ng JF-646 0.5 nM\Amazon\No treat\#04Ch1\analysis_output.mat,Myr No treat
29,129,Z:\#BackupMicData\2017 Jan-Apr\170317_SM_myrHalo JF-646\Myr-halo C4 200 ng JF-646 0.5 nM\Amazon\No treat\#05Ch1\analysis_output.mat,Myr No treat
29,130,Z:\#BackupMicData\2017 Jan-Apr\170317_SM_myrHalo JF-646\Myr-halo C4 200 ng JF-646 0.5 nM\Amazon\No treat\#06Ch1\analysis_output.mat,Myr No treat
29,131,Z:\#BackupMicData\2017 Jan-Apr\170317_SM_myrHalo JF-646\Myr-halo C4 200 ng JF-646 0.5 nM\Amazon\No treat\#07Ch1\analysis_output.mat,Myr No treat
29,132,Z:\#BackupMicData\2017 Jan-Apr\170317_SM_myrHalo JF-646\Myr-halo C4 200 ng JF-646 0.5 nM\Amazon\No treat\#08Ch1\analysis_output.mat,Myr No treat
29,133,Z:\#BackupMicData\2017 Jan-Apr\170317_SM_myrHalo JF-646\Myr-halo C4 200 ng JF-646 0.5 nM\Amazon\No treat\#09Ch1\analysis_output.mat,Myr No treat
29,134,Z:\#BackupMicData\2017 Jan-Apr\170317_SM_myrHalo JF-646\Myr-halo C4 200 ng JF-646 0.5 nM\Amazon\No treat\#10Ch1\analysis_output.mat,Myr No treat
30,46,Z:\#BackupMicData\2016 Jul-Oct\160902_SM_alfai1-Halo and gamma2-halo Q controls\Data treat\gamma2-Halo JF646 0.5 nM\no treat\#02Ch1\Data\analysis_output.mat,gamma2 No treat
30,47,Z:\#BackupMicData\2016 Jul-Oct\160902_SM_alfai1-Halo and gamma2-halo Q controls\Data treat\gamma2-Halo JF646 0.5 nM\no treat\#03Ch1\Data\analysis_output.mat,gamma2 No treat
31,34,Z:\#BackupMicData\2016 Jul-Oct\160902_SM_alfai1-Halo and gamma2-halo Q controls\Data treat\alfai1-Halo JF646 0.5 nM\no treat\#03Ch1\Data\analysis_output.mat,alfai1 No treat
31,35,Z:\#BackupMicData\2016 Jul-Oct\160902_SM_alfai1-Halo and gamma2-halo Q controls\Data treat\alfai1-Halo JF646 0.5 nM\no treat\#06Ch1\Data\analysis_output.mat,alfai1 No treat
31,36,Z:\#BackupMicData\2016 Jul-Oct\160902_SM_alfai1-Halo and gamma2-halo Q controls\Data treat\alfai1-Halo JF646 0.5 nM\no treat\#07Ch1\Data\analysis_output.mat,alfai1 No treat
32,44,Z:\#BackupMicData\2016 Jul-Oct\160902_SM_alfai1-Halo and gamma2-halo Q controls\Data treat\gamma2-Halo JF646 0.5 nM\10 uM Quinpirole\#02Ch1\Data\analysis_output.mat,gamma2 Quinpirole
32,45,Z:\#BackupMicData\2016 Jul-Oct\160902_SM_alfai1-Halo and gamma2-halo Q controls\Data treat\gamma2-Halo JF646 0.5 nM\10 uM Quinpirole\#06Ch1\Data\analysis_output.mat,gamma2 Quinpirole